SKU;Brand
33433;NOW
33042;NOW
32504;NOW
4935;NOW
33037;NOW
33255;NOW
33442;NOW
33453;NOW
33439;NOW
33467;NOW
33443;NOW
32950;NOW
33437;NOW
33254;NOW
33013;NOW
29463;NOW
33470;NOW
33464;NOW
7418;NOW
32323;NOW
32547;NOW
33448;NOW
33243;NOW
33462;NOW
12275;NOW
33445;NOW
33451;NOW
33431;NOW
33430;NOW
33469;NOW
33447;NOW
12278;NOW
33248;NOW
33015;NOW
33033;NOW
32554;NOW
33449;NOW
9703;NOW
33429;NOW
33465;NOW
32954;NOW
33454;NOW
33021;NOW
33471;NOW
32953;NOW
3505;NOW
33432;NOW
31132;NOW
24221;NOW
33444;NOW
12277;NOW
33022;NOW
31043;NOW
33472;NOW
33446;NOW
33436;NOW
32561;NOW
33441;NOW
31742;NOW
29462;NOW
33468;NOW
32558;NOW
9699;NOW
32537;NOW
11748;NOW
5689;NOW
12276;NOW
31741;NOW
32952;NOW
32555;NOW
33455;NOW
33459;NOW
29461;NOW
33474;NOW
33460;NOW
33452;NOW
7385;NOW
32459;NOW
33457;NOW
33244;NOW
33463;NOW
33040;NOW
33438;NOW
32951;NOW
33456;NOW
33009;NOW
33434;NOW
33473;NOW
33435;NOW
9700;NOW
33450;NOW
32548;NOW
10842;NOW
33011;NOW
33458;NOW
33034;NOW
29468;NOW
33461;NOW
28660;NOW
33466;NOW
4915;NOW
32589;NOW
31063;NOW
28687;NOW
24224;NOW
29482;NOW
26182;NOW
4931;NOW
32559;NOW
32563;NOW
32569;NOW
5693;NOW
32564;NOW
31752;NOW
29487;NOW
7819;NOW
3508;NOW
29505;NOW
7814;NOW
29531;NOW
29480;NOW
31081;NOW
29548;NOW
29469;NOW
32587;NOW
29512;NOW
29484;NOW
4928;NOW
29510;NOW
29495;NOW
32524;NOW
32573;NOW
9705;NOW
31121;NOW
31746;NOW
32505;NOW
12281;NOW
29481;NOW
28689;NOW
32511;NOW
7457;NOW
29520;NOW
29549;NOW
4920;NOW
9704;NOW
4930;NOW
32586;NOW
4921;NOW
26180;NOW
4919;NOW
29485;NOW
32584;NOW
32591;NOW
32525;NOW
31165;NOW
31084;NOW
3669;NOW
5692;NOW
31143;NOW
31754;NOW
29494;NOW
29521;NOW
31128;NOW
7401;NOW
29518;NOW
29519;NOW
32598;NOW
31085;NOW
26188;NOW
29496;NOW
31077;NOW
5695;NOW
29493;NOW
32574;NOW
32594;NOW
28690;NOW
31747;NOW
29474;NOW
32580;NOW
29516;NOW
26175;NOW
32571;NOW
31144;NOW
3533;NOW
32568;NOW
29472;NOW
26186;NOW
32515;NOW
29477;NOW
3568;NOW
29478;NOW
12280;NOW
4927;NOW
26185;NOW
32319;NOW
28691;NOW
31054;NOW
32593;NOW
26174;NOW
32633;NOW
28710;NOW
31761;NOW
29609;NOW
7109;NOW
28697;NOW
31044;NOW
31770;NOW
31070;NOW
29623;NOW
31069;NOW
28705;NOW
32325;NOW
32617;NOW
29606;NOW
29637;NOW
32499;NOW
29610;NOW
29577;NOW
32532;NOW
29594;NOW
31047;NOW
28698;NOW
32541;NOW
31097;NOW
32618;NOW
26194;NOW
32138;NOW
32606;NOW
29564;NOW
29624;NOW
10754;NOW
28704;NOW
29587;NOW
31117;NOW
29597;NOW
32528;NOW
4939;NOW
29563;NOW
29569;NOW
29574;NOW
29571;NOW
29590;NOW
29607;NOW
31110;NOW
31773;NOW
4940;NOW
31113;NOW
29620;NOW
29630;NOW
32630;NOW
9707;NOW
28703;NOW
32531;NOW
31079;NOW
32600;NOW
29547;NOW
32530;NOW
9708;NOW
29578;NOW
29618;NOW
32542;NOW
29585;NOW
32601;NOW
29570;NOW
24218;NOW
29632;NOW
32551;NOW
29557;NOW
26195;NOW
29566;NOW
29581;NOW
31759;NOW
26190;NOW
29595;NOW
31071;NOW
31094;NOW
29558;NOW
31760;NOW
26189;NOW
26201;NOW
32529;NOW
29635;NOW
29608;NOW
32613;NOW
31106;NOW
32621;NOW
32626;NOW
32615;NOW
26200;NOW
29627;NOW
32627;NOW
29614;NOW
28709;NOW
31075;NOW
28695;NOW
32597;NOW
29604;NOW
26199;NOW
31074;NOW
3713;VPLAB
31791;NOW
8530;NOW
29640;NOW
32318;NOW
26208;NOW
32470;VPLAB
32468;VPLAB
31194;VPLAB
3665;NOW
32467;VPLAB
29643;NOW
29651;NOW
29664;NOW
4007;VPLAB
24219;NOW
29641;NOW
29661;NOW
32478;VPLAB
31227;VPLAB
26210;NOW
4018;VPLAB
31196;VPLAB
3645;NOW
32475;VPLAB
3557;VPLAB
31786;NOW
28281;NOW
32328;NOW
3653;VPLAB
31224;VPLAB
31206;VPLAB
31230;VPLAB
29638;NOW
31223;VPLAB
3734;VPLAB
29644;NOW
31226;VPLAB
26211;NOW
31197;VPLAB
32464;VPLAB
31222;VPLAB
31790;NOW
26209;NOW
26212;NOW
26213;NOW
9710;NOW
3704;VPLAB
9642;VPLAB
3652;VPLAB
29513;NOW
31122;NOW
8254;VPLAB
26207;NOW
26205;NOW
31229;VPLAB
32466;VPLAB
32641;NOW
32638;NOW
3644;NOW
32477;VPLAB
31228;VPLAB
31234;VPLAB
28532;NOW
31191;VPLAB
29659;NOW
32463;VPLAB
12283;NOW
32136;NOW
31195;VPLAB
12933;NOW
31103;NOW
32640;NOW
8257;VPLAB
32474;VPLAB
31232;VPLAB
31784;NOW
3577;VPLAB
31704;VPLAB
32461;VPLAB
3732;VPLAB
28280;NOW
3627;VPLAB
3733;VPLAB
29657;NOW
29639;NOW
31785;NOW
28531;NOW
31225;VPLAB
31124;NOW
29652;NOW
32462;VPLAB
31189;VPLAB
12934;NOW
32142;NOW
31221;VPLAB
9706;NOW
29650;NOW
31114;NOW
3654;VPLAB
29992;Solaray
30636;Smartlife
29948;Solaray
30068;Life Extension
30065;Life Extension
3865;Olimp
27513;Smartlife
28800;Smartlife
30886;Life Extension
29910;Solaray
3867;Olimp
29956;Solaray
32149;Life Extension
33232;Smartlife
28799;Smartlife
31381;Solaray
33235;Smartlife
3817;Olimp
26509;Olimp
33230;Smartlife
31185;VPLAB
30863;Life Extension
3815;Olimp
29930;Solaray
32787;Life Extension
32785;Life Extension
3705;VPLAB
29997;Solaray
28402;Smartlife
30055;Life Extension
29972;Solaray
30897;Life Extension
30856;Life Extension
32412;Olimp
30901;Life Extension
33234;Smartlife
33231;Smartlife
32780;Life Extension
26685;Smartlife
26511;Olimp
3813;Olimp
4090;VPLAB
32783;Life Extension
33233;Smartlife
32411;Olimp
28403;Smartlife
4031;Olimp
31379;Solaray
33237;Smartlife
29924;Solaray
32768;Life Extension
32408;Olimp
4135;Olimp
32331;Olimp
31340;Solaray
31193;VPLAB
32469;VPLAB
31233;VPLAB
32133;Smartlife
30066;Life Extension
29971;Solaray
27512;Smartlife
4034;Olimp
26512;Olimp
29957;Solaray
26510;Olimp
4138;Olimp
3863;Olimp
30902;Life Extension
30028;Life Extension
31386;Solaray
30059;Life Extension
32410;Olimp
32435;Olimp
30879;Life Extension
3559;VPLAB
32708;Life Extension
29923;Solaray
31178;VPLAB
32333;Olimp
30057;Life Extension
32471;VPLAB
32465;VPLAB
3610;VPLAB
29996;Solaray
3866;Olimp
32709;Life Extension
9144;Olimp
31179;VPLAB
4139;Olimp
33236;Smartlife
31190;VPLAB
32332;Olimp
30067;Life Extension
29912;Solaray
32132;Smartlife
32788;Life Extension
29921;Solaray
27882;Solaray
27534;Olimp
31020;SFD Nutrition
24784;Olimp
32445;Olimp
4134;Olimp
24793;Olimp
31024;SFD Nutrition
27198;SFD Nutrition
30965;SFD Nutrition
32426;Olimp
27182;SFD Nutrition
3558;Olimp
4041;Olimp
30157;SFD Nutrition
33081;Doctors Best
4010;Olimp
33116;Doctors Best
3977;Olimp
3807;Olimp
24788;Olimp
32415;Olimp
33137;Olimp
32432;Olimp
32430;Olimp
4015;Olimp
4013;Olimp
33095;Doctors Best
24717;Olimp
9131;Olimp
3581;Olimp
27195;SFD Nutrition
6864;Olimp
3649;Olimp
27200;SFD Nutrition
24791;Olimp
27199;SFD Nutrition
27209;SFD Nutrition
32404;Olimp
3808;Olimp
4136;Olimp
33068;Doctors Best
27187;SFD Nutrition
4016;Olimp
3582;Olimp
32334;Olimp
25702;Olimp
32335;Olimp
30989;SFD Nutrition
33084;Doctors Best
33058;Doctors Best
11160;SFD Nutrition
33060;Doctors Best
27186;SFD Nutrition
3873;Olimp
3891;Olimp
27214;SFD Nutrition
24789;Olimp
26524;Olimp
33138;Olimp
4012;Olimp
8851;Olimp
24718;Olimp
33124;Doctors Best
9132;Olimp
27190;SFD Nutrition
26521;Olimp
32447;Olimp
33061;Doctors Best
32339;Olimp
27201;SFD Nutrition
27184;SFD Nutrition
4014;Olimp
3657;Olimp
3890;Olimp
27202;SFD Nutrition
33091;Doctors Best
4040;Olimp
27203;SFD Nutrition
33097;Doctors Best
26517;Olimp
32437;Olimp
32409;Olimp
24792;Olimp
33087;Doctors Best
32336;Olimp
25217;Olimp
6863;Olimp
33117;Doctors Best
33067;Doctors Best
24790;Olimp
31022;SFD Nutrition
31797;SFD Nutrition
3979;Olimp
6860;Olimp
33069;Doctors Best
32942;Swanson
32643;Thorne
3864;Olimp
3812;Olimp
32741;NaturesPlus
24787;Olimp
30997;UltraVit
33128;Doctors Best
32472;UltraVit
4032;Olimp
30994;UltraVit
3717;Olimp
28399;NaturesPlus
32473;UltraVit
32673;Thorne
32672;Thorne
9148;Olimp
33106;Doctors Best
32739;NaturesPlus
32701;Thorne
32659;Thorne
33088;Doctors Best
31000;UltraVit
32671;Thorne
30999;UltraVit
32737;NaturesPlus
32661;Thorne
31199;UltraVit
32654;Thorne
31198;UltraVit
4035;Olimp
30996;UltraVit
32676;Thorne
31177;UltraVit
32645;Thorne
31201;UltraVit
32704;NaturesPlus
32675;Thorne
32666;Thorne
33108;Doctors Best
30995;UltraVit
27212;SFD Nutrition
33132;Doctors Best
3718;Olimp
24783;Olimp
31202;UltraVit
32660;Thorne
33092;Doctors Best
8380;Olimp
33102;Doctors Best
30993;UltraVit
33103;Doctors Best
32685;Thorne
32655;Thorne
32656;Thorne
30508;NaturesPlus
29791;Swanson
32670;Thorne
31001;UltraVit
32738;NaturesPlus
30509;NaturesPlus
33075;Doctors Best
31332;NaturesPlus
30483;NaturesPlus
31200;UltraVit
32650;Thorne
30525;NaturesPlus
33063;Doctors Best
32667;Thorne
32662;Thorne
29542;NOW
30491;NaturesPlus
30998;UltraVit
32703;Thorne
8852;Olimp
32677;Thorne
32680;Thorne
32651;Thorne
32652;Thorne
32699;Thorne
31203;UltraVit
30485;NaturesPlus
33099;Doctors Best
4033;Olimp
33129;Doctors Best
31068;NOW
32649;Thorne
32759;NaturesPlus
4036;Olimp
32665;Thorne
33105;Doctors Best
30510;NaturesPlus
32663;Thorne
33078;Doctors Best
32648;Thorne
8381;Olimp
30486;NaturesPlus
28757;California Gold Nutrition
28518;California Gold Nutrition
28718;California Gold Nutrition
29080;California Gold Nutrition
28870;California Gold Nutrition
28758;California Gold Nutrition
28736;California Gold Nutrition
32125;California Gold Nutrition
28847;California Gold Nutrition
28840;California Gold Nutrition
28091;California Gold Nutrition
28344;California Gold Nutrition
30496;NaturesPlus
28050;California Gold Nutrition
28816;California Gold Nutrition
28510;California Gold Nutrition
31331;NaturesPlus
31251;NaturesPlus
28392;California Gold Nutrition
28188;California Gold Nutrition
31330;NaturesPlus
31263;NaturesPlus
30111;California Gold Nutrition
28721;California Gold Nutrition
28731;California Gold Nutrition
28719;California Gold Nutrition
28053;California Gold Nutrition
32706;NaturesPlus
30512;NaturesPlus
28330;California Gold Nutrition
30429;California Gold Nutrition
28348;California Gold Nutrition
28391;California Gold Nutrition
28398;NaturesPlus
28818;California Gold Nutrition
28722;California Gold Nutrition
28514;California Gold Nutrition
32705;NaturesPlus
32746;NaturesPlus
28822;California Gold Nutrition
27879;California Gold Nutrition
28644;California Gold Nutrition
28517;California Gold Nutrition
30105;California Gold Nutrition
28837;California Gold Nutrition
28874;California Gold Nutrition
28646;California Gold Nutrition
28838;California Gold Nutrition
28812;California Gold Nutrition
30493;NaturesPlus
28394;California Gold Nutrition
28884;California Gold Nutrition
28814;California Gold Nutrition
28716;California Gold Nutrition
28724;California Gold Nutrition
31708;California Gold Nutrition
28509;California Gold Nutrition
29081;California Gold Nutrition
28033;California Gold Nutrition
28887;California Gold Nutrition
30430;California Gold Nutrition
30489;NaturesPlus
28730;California Gold Nutrition
28331;California Gold Nutrition
28513;California Gold Nutrition
31714;California Gold Nutrition
28720;California Gold Nutrition
32707;NaturesPlus
32129;California Gold Nutrition
28284;California Gold Nutrition
30484;NaturesPlus
31239;NaturesPlus
28829;California Gold Nutrition
28826;California Gold Nutrition
30492;NaturesPlus
28031;California Gold Nutrition
30114;California Gold Nutrition
30487;NaturesPlus
28839;California Gold Nutrition
31713;California Gold Nutrition
29258;California Gold Nutrition
30108;California Gold Nutrition
32760;NaturesPlus
28357;California Gold Nutrition
31264;NaturesPlus
28815;California Gold Nutrition
28740;California Gold Nutrition
28830;California Gold Nutrition
28187;California Gold Nutrition
30431;California Gold Nutrition
32742;NaturesPlus
28069;California Gold Nutrition
28511;California Gold Nutrition
28516;California Gold Nutrition
28657;California Gold Nutrition
28515;California Gold Nutrition
28746;California Gold Nutrition
28520;California Gold Nutrition
28283;California Gold Nutrition
28846;California Gold Nutrition
3602;VPLAB
33823;Olimp
30502;NaturesPlus
33619;Olimp
33793;Doctors Best
32413;Olimp
32429;Olimp
32107;OstroVit
24853;Nutrex
31974;OstroVit
31204;UltraVit
32457;Olimp
33501;Life Extension
33610;Olimp
33077;Doctors Best
33826;Olimp
32428;Olimp
33855;Olimp
11289;OstroVit
33584;UltraVit
33611;Olimp
30501;NaturesPlus
33849;Solaray
4545;Nutrex
29308;Sambucol
33794;Doctors Best
33322;OstroVit
30494;NaturesPlus
6019;OstroVit
4468;Nutrex
33817;Olimp
33548;NaturesPlus
3721;VPLAB
31985;OstroVit
33816;Olimp
6042;OstroVit
33821;Olimp
32382;OstroVit
32740;NaturesPlus
33506;Nutrex
6018;OstroVit
33545;NaturesPlus
33828;Olimp
4137;Olimp
4544;Nutrex
12071;OstroVit
11293;OstroVit
33476;NaturesPlus
30498;NaturesPlus
31050;NOW
31072;NOW
3814;Olimp
3819;Olimp
31983;OstroVit
31849;OstroVit
30497;NaturesPlus
33582;UltraVit
33792;Doctors Best
31762;NOW
4088;VPLAB
29645;NOW
31057;NOW
33767;NaturesPlus
33818;Olimp
12518;OstroVit
31246;NaturesPlus
29307;Sambucol
31867;OstroVit
29984;Solaray
4467;Nutrex
28521;NaturesPlus
32414;Olimp
31244;NaturesPlus
32037;OstroVit
12363;OstroVit
33887;Nutrex
33820;Olimp
33555;Doctors Best
33583;UltraVit
12066;OstroVit
32390;OstroVit
33475;NaturesPlus
32642;NOW
33825;Olimp
30103;California Gold Nutrition
33824;Olimp
33557;Doctors Best
33609;Olimp
27191;SFD Nutrition
33283;OstroVit
33495;Life Extension
32047;OstroVit
24169;OstroVit
33790;Doctors Best
33822;Olimp
33791;Doctors Best
31834;OstroVit
28707;NOW
33607;Olimp
27356;Sambucol
5416;Ultimate Nutrition
6072;Ultimate Nutrition
3910;Ultimate Nutrition
11736;Ultimate Nutrition
5391;Ultimate Nutrition
39925;Ultimate Nutrition
6831;Ultimate Nutrition
5386;Ultimate Nutrition
12928;Ultimate Nutrition
5732;Ultimate Nutrition
32313;Ultimate Nutrition
25148;Ultimate Nutrition
32310;Ultimate Nutrition
32265;Ultimate Nutrition
4260;Ultimate Nutrition
32305;Ultimate Nutrition
8553;Ultimate Nutrition
5396;Ultimate Nutrition
29662;NOW
6132;Ultimate Nutrition
5393;Ultimate Nutrition
12290;Ultimate Nutrition
12931;Ultimate Nutrition
25147;Ultimate Nutrition
6073;Ultimate Nutrition
3912;Ultimate Nutrition
32217;Ultimate Nutrition
32236;Ultimate Nutrition
32756;NaturesPlus
32307;Ultimate Nutrition
3908;Ultimate Nutrition
32856;OstroVit
3909;Ultimate Nutrition
33407;OstroVit
6843;Ultimate Nutrition
5417;Ultimate Nutrition
7070;Ultimate Nutrition
28400;NaturesPlus
4569;Ultimate Nutrition
9637;Ultimate Nutrition
32225;Ultimate Nutrition
6143;Ultimate Nutrition
33922;21st Century
39926;Ultimate Nutrition
32306;Ultimate Nutrition
33635;OstroVit
33762;OstroVit
6381;Ultimate Nutrition
6144;Ultimate Nutrition
12930;Ultimate Nutrition
5394;Ultimate Nutrition
4466;Nutrex
33917;21st Century
11733;Ultimate Nutrition
5389;Ultimate Nutrition
6071;Ultimate Nutrition
11734;Ultimate Nutrition
32240;Ultimate Nutrition
3907;Ultimate Nutrition
33916;21st Century
33921;21st Century
8554;Ultimate Nutrition
4264;Ultimate Nutrition
5392;Ultimate Nutrition
5395;Ultimate Nutrition
33918;21st Century
32224;Ultimate Nutrition
39927;Ultimate Nutrition
7696;Ultimate Nutrition
3914;Ultimate Nutrition
6070;Ultimate Nutrition
39923;OstroVit
4542;Nutrex
25149;Ultimate Nutrition
32309;Ultimate Nutrition
3911;Ultimate Nutrition
5726;Ultimate Nutrition
6145;Ultimate Nutrition
32312;Ultimate Nutrition
39924;OstroVit
32238;Ultimate Nutrition
5390;Ultimate Nutrition
5730;Ultimate Nutrition
4262;Ultimate Nutrition
4263;Ultimate Nutrition
5731;Ultimate Nutrition
32237;Ultimate Nutrition
32308;Ultimate Nutrition
33919;21st Century
32257;Ultimate Nutrition
29351;Nutrex
4261;Ultimate Nutrition
32239;Ultimate Nutrition
6891;Ultimate Nutrition
33920;21st Century
32267;Ultimate Nutrition
12929;Ultimate Nutrition
6852;Ultimate Nutrition
33636;OstroVit
3913;Ultimate Nutrition
9020;SAN
33304;OstroVit
33734;NOW
33497;OstroVit
32072;OstroVit
33478;NOW
12519;OstroVit
8991;SAN
33968;SAN
5387;Ultimate Nutrition
33983;Promensil
4268;SAN
33967;NOW
3573;Ultimate Nutrition
29593;NOW
32088;OstroVit
30867;Life Extension
32071;OstroVit
32398;OstroVit
32852;OstroVit
32346;OstroVit
8994;SAN
11288;OstroVit
32097;OstroVit
31866;OstroVit
24156;OstroVit
32358;OstroVit
11343;OstroVit
33305;OstroVit
29492;NOW
33382;OstroVit
12375;OstroVit
33665;OstroVit
27896;OstroVit
4553;SAN
32400;OstroVit
32070;OstroVit
32847;OstroVit
30072;Life Extension
10764;SAN
11295;OstroVit
6043;OstroVit
33982;Promensil
32394;OstroVit
32066;OstroVit
32067;OstroVit
12650;OstroVit
31166;Ultimate Nutrition
33975;SAN
32354;OstroVit
12405;OstroVit
5727;SAN
32046;OstroVit
12409;OstroVit
11332;OstroVit
29471;NOW
12521;OstroVit
33984;Promensil
32073;OstroVit
6663;SAN
33985;Promensil
32261;Ultimate Nutrition
32095;OstroVit
11346;OstroVit
11283;OstroVit
32848;OstroVit
12384;OstroVit
33980;SAN
6041;OstroVit
32276;Ultimate Nutrition
11344;OstroVit
31958;OstroVit
6346;SAN
27897;OstroVit
33979;SAN
32376;OstroVit
32350;OstroVit
26202;NOW
11284;OstroVit
12415;OstroVit
8990;SAN
4912;NOW
27357;Sambucol
6039;OstroVit
6356;SAN
12520;OstroVit
33976;SAN
31972;OstroVit
31873;OstroVit
31934;OstroVit
31154;NOW
32074;OstroVit
31826;Sambucol
32103;OstroVit
31945;OstroVit
8989;SAN
31986;OstroVit
32361;OstroVit
32365;OstroVit
34020;VPLAB
34050;OstroVit
34019;VPLAB
3556;VPLAB
VP7492;VPLAB
10753;NOW
32379;OstroVit
32486;VPLAB
6038;OstroVit
26178;NOW
34047;OstroVit
11278;OstroVit
32357;OstroVit
31705;VPLAB
34036;OstroVit
33261;OstroVit
12517;OstroVit
33259;OstroVit
34045;OstroVit
29491;NOW
34040;OstroVit
32849;OstroVit
12370;OstroVit
33970;SAN
32395;OstroVit
12374;OstroVit
31855;OstroVit
33641;OstroVit
31910;OstroVit
34038;OstroVit
34049;OstroVit
34043;OstroVit
31152;NOW
34048;OstroVit
32502;NOW
32075;OstroVit
4087;VPLAB
32077;OstroVit
12515;OstroVit
32485;VPLAB
12368;OstroVit
31127;NOW
32479;VPLAB
32481;VPLAB
31744;NOW
34046;OstroVit
31865;OstroVit
31748;NOW
32482;VPLAB
31105;NOW
12376;OstroVit
26177;NOW
VP54643;VPLAB
32343;OstroVit
33895;NaturesPlus
32349;OstroVit
32484;VPLAB
33969;SAN
32360;OstroVit
29580;NOW
33981;Promensil
34042;OstroVit
24882;OstroVit
12527;OstroVit
34044;OstroVit
26176;NOW
32560;NOW
31843;OstroVit
32369;OstroVit
31932;OstroVit
32460;VPLAB
33894;NaturesPlus
12516;OstroVit
32068;OstroVit
6040;OstroVit
32620;NOW
32480;VPLAB
33642;OstroVit
34041;OstroVit
32483;VPLAB
4360;VPLAB
34037;OstroVit
31987;OstroVit
12385;OstroVit
32575;NOW
33278;OstroVit
24883;OstroVit
33874;NOW
34039;OstroVit
31086;NOW
12850;Swanson
32886;Swanson
11345;OstroVit
33018;NOW
29796;Swanson
29725;Swanson
32911;Swanson
29600;NOW
34141;OstroVit
32903;Swanson
29813;Swanson
12818;Swanson
32909;Swanson
29596;NOW
12830;Swanson
12372;OstroVit
32041;OstroVit
29732;Swanson
32351;OstroVit
34105;NOW
34054;NOW
34134;OstroVit
12371;OstroVit
12826;Swanson
12881;Swanson
33876;NOW
12069;OstroVit
12864;Swanson
34138;OstroVit
31083;NOW
32076;OstroVit
32550;NOW
34118;Swanson
29633;NOW
32891;Swanson
26197;NOW
29615;NOW
12366;OstroVit
12875;Swanson
32945;Swanson
34056;Sambucol
32078;OstroVit
29788;Swanson
32402;OstroVit
33962;Olimp
32043;OstroVit
5691;NOW
32938;Swanson
34137;OstroVit
31118;NOW
12367;OstroVit
34052;Swanson
28700;NOW
12846;Swanson
32362;OstroVit
34140;OstroVit
33666;OstroVit
33262;OstroVit
34135;OstroVit
32079;OstroVit
26181;NOW
34133;OstroVit
11277;OstroVit
34136;OstroVit
33479;NOW
34115;Swanson
33025;NOW
34110;Swanson
4913;NOW
31750;NOW
32895;Swanson
32081;OstroVit
6044;OstroVit
32890;Swanson
29743;Swanson
32900;Swanson
31769;NOW
29761;Swanson
32355;OstroVit
29713;Swanson
29762;Swanson
12856;Swanson
32519;NOW
33643;OstroVit
33275;OstroVit
28702;NOW
26187;NOW
24881;OstroVit
33998;NOW
32937;Swanson
32939;Swanson
29465;NOW
33907;OstroVit
32080;OstroVit
12865;Swanson
31490;Sambucol
31828;Sambucol
12863;Swanson
33986;NOW
34191;NOW
29506;NOW
12803;Swanson
34168;Swanson
5666;Nutrex
29735;Swanson
12853;Swanson
26192;NOW
32612;NOW
32244;Ultimate Nutrition
31147;NOW
29582;NOW
29694;Nutrex
12804;Swanson
32268;Ultimate Nutrition
26193;NOW
29802;Swanson
33903;Life Extension
32249;Ultimate Nutrition
29658;NOW
32496;Nutrex
7489;NOW
12816;Swanson
31984;OstroVit
7651;Nutrex
34139;OstroVit
29709;Swanson
28279;NOW
29779;Swanson
29754;Swanson
24849;Nutrex
29476;NOW
34112;Swanson
32104;OstroVit
32865;Swanson
29466;NOW
12821;Swanson
31954;OstroVit
32892;Swanson
32639;NOW
12815;Swanson
12411;OstroVit
30026;Life Extension
