SKU;Price;Price Old;Quantity
33433;4179;4798;0
33042;6595;8000;0
32504;1365;1762;33
4935;3608;5070;5
33037;3366;4000;0
33255;4220;4800;0
33442;2417;3265;17
33453;1933;2392;0
33439;4792;5815;0
33467;7254;8800;0
33443;4012;4976;24
32950;2801;3665;5
33437;4914;6000;0
33254;1691;2291;0
33013;1440;1854;7
29463;2456;2852;0
33470;9628;13200;0
33464;5402;7104;5
7418;1983;2688;3
32323;4414;5396;0
32547;2346;3248;6
33448;5270;6977;12
33243;5226;6876;5
33462;5622;6800;0
12275;698;952;154
33445;2752;3512;6
33451;3337;4158;35
33431;8232;10000;0
33430;4309;4944;0
33469;1698;2000;0
33447;3515;4583;13
12278;1800;2463;142
33248;1701;2303;11
33015;4208;4800;0
33033;4368;5300;0
32554;3674;4414;0
33449;3815;4400;0
9703;1824;2283;0
33429;2336;2976;12
33465;4924;6000;0
32954;2059;2482;3
33454;3938;4491;12
33021;8227;10000;0
33471;9686;12261;0
32953;3990;5555;5
3505;1024;1348;2
33432;2110;2695;3
31132;5609;7430;15
24221;1110;1443;5
33444;4079;5440;11
12277;1882;2283;0
33022;2945;3614;0
31043;2279;2706;0
33472;7741;10600;0
33446;2693;3281;0
33436;5256;6363;2
32561;1582;2012;0
33441;2329;2982;3
31742;4194;4804;0
29462;3507;4335;8
33468;8227;10000;0
32558;1579;2195;19
9699;2368;3151;95
32537;3491;4021;0
11748;1167;1519;0
5689;1896;2299;0
12276;1197;1546;0
31741;2301;3030;13
32952;2329;2968;25
32555;3041;3967;21
33455;4953;6000;0
33459;2382;3063;41
29461;1524;1970;31
33474;7741;10600;0
33460;4392;5000;0
33452;6465;8936;1
7385;1277;1521;0
32459;947;1151;0
33457;2379;2986;19
33244;8723;12000;0
33463;4695;6659;3
33040;1684;2000;0
33438;3310;4120;9
32951;4953;6000;0
33456;4947;6000;0
33009;671;872;124
33434;3346;4358;18
33473;4066;5920;0
33435;7927;9600;0
9700;1450;1866;3
33450;7254;8800;0
32548;4250;5200;0
10842;622;776;0
33011;6590;8000;0
33458;1434;1846;0
33034;7908;9600;0
29468;2517;2952;0
33461;4983;6616;6
28660;1701;2080;0
33466;3056;3600;0
4915;3930;5062;0
32589;2916;4042;24
31063;967;1186;43
28687;1194;1428;0
24224;2009;2595;16
29482;2542;2995;15
26182;907;1220;122
4931;2193;2966;33
32559;3724;4587;22
32563;1608;1899;0
32569;2071;2637;24
5693;1567;2181;325
32564;4140;4718;0
31752;1208;1585;47
29487;1109;1501;130
7819;1706;1997;9
32137;1609;1893;0
3508;854;1106;44
29505;1961;2460;16
7814;957;1175;0
29531;3002;3605;13
29480;2485;3197;3
31081;2299;2705;0
29548;1110;1385;0
29469;1455;2045;14
32587;1430;2014;32
29512;1497;2078;28
29484;3000;3626;34
4928;1384;1785;0
29510;1820;2302;0
29495;1514;1930;13
32524;1381;2085;56
32573;2192;2816;5
9705;1446;2034;36
31121;1109;1419;63
31746;2262;2635;0
32505;771;929;111
12281;4156;4761;0
29481;922;1188;10
28689;1865;2288;75
32511;2774;3643;34
7457;1129;1523;24
29520;2041;2708;8
29549;1318;1568;0
4920;816;988;0
9704;963;1274;0
4930;1492;1880;11
32586;1527;1922;73
4921;1459;2127;0
26180;2896;3666;0
4919;1977;2478;0
29485;1332;1562;0
32584;2295;2927;9
32591;3617;4131;0
32525;2792;3654;0
31165;1892;2333;0
31084;6684;8171;0
3669;1767;2310;0
5692;810;985;0
31143;2535;3314;5
31754;2140;2516;0
29494;1348;1706;0
29521;1212;1449;0
31128;2413;3165;12
7401;1590;2183;0
29518;1410;1804;1
29519;1552;1831;0
32598;2940;3899;20
31085;1620;1900;0
26188;1826;2494;21
29496;1613;2141;9
31077;2543;3338;36
5695;2319;2699;0
29493;2456;3247;0
32574;1699;2166;29
32594;3953;4909;30
28690;3549;4415;0
31747;4339;5318;0
29474;1725;2005;0
32580;3190;3816;0
29516;1717;2362;142
26175;1611;1898;0
32571;3256;3831;0
31144;2312;2898;8
3533;1432;1705;238
32568;1596;2145;27
29472;1298;1528;0
26186;914;1122;307
32515;3184;3674;0
29477;2309;2936;16
3568;4279;4899;0
29478;3494;4349;6
12280;1814;2258;7
4927;1607;2026;0
26185;2370;2787;17
32319;1653;2259;30
28691;2847;3731;90
31054;1232;1686;14
32593;2121;2730;26
26174;1666;1959;0
32633;5416;7161;6
28710;780;920;0
31761;3516;4058;3
29609;2038;2574;6
7109;1258;1633;100
28697;1026;1354;28
31044;1873;2324;27
31770;5874;7143;0
31070;1768;2244;34
29623;1361;1757;2
31069;1945;2517;199
28705;2360;3101;22
32325;1129;1360;0
32617;2267;3114;8
29606;3007;3597;0
29637;2778;3648;18
32499;4169;5062;41
29610;1655;1947;31
29577;1372;1771;97
32532;3114;3657;24
29594;1626;1914;5
31047;3546;4400;12
28698;993;1342;0
32541;1959;2806;7
31097;1406;1812;125
32618;2499;3299;2
26194;991;1200;82
32138;2181;2824;57
32606;3753;4656;44
29564;2076;2670;19
29624;862;1055;0
10754;1302;1687;1793
28704;4282;5686;4
29587;2184;2806;2
31117;1705;2353;24
29597;2450;2882;0
32528;2875;3322;0
4939;2184;2675;0
29563;1050;1383;55
29569;1308;1695;495
29574;4265;4851;0
29571;1987;2662;40
29590;2103;2709;7
29607;3112;3654;0
31110;1924;2382;0
31773;1479;1753;0
4940;4486;5913;148
31113;2553;2993;0
29620;2742;3299;0
29630;2995;3900;2
32630;2998;3600;0
9707;2112;2719;1486
28703;2524;3722;7
32531;2656;3395;320
31079;1641;1910;6
32600;769;999;207
29547;2043;2580;14
32530;4649;5971;0
9708;680;919;243
29578;2702;3545;57
29618;1120;1469;3
32542;1885;2278;0
29585;1798;2240;0
32601;1483;1906;7
29570;2438;2825;62
24218;2909;3736;27
29632;1851;2300;0
32551;991;1311;218
29557;1346;1737;640
26195;1154;1383;0
29566;2806;3510;26
29581;2301;2892;11
31759;7428;10955;19
26190;1619;1905;0
29595;2309;3069;639
31071;1687;1988;72
31094;2721;3444;0
29558;1185;1508;232
31760;3128;3733;10
26189;2062;2536;0
26201;1392;1787;9
32529;1631;1924;0
29635;738;1008;193
29608;1062;1361;51
32613;1840;2406;34
31106;1539;1992;9
32621;1706;2151;0
32626;2232;2809;30
32615;2516;3331;40
26200;2012;2429;78
29627;4225;5618;27
32627;3386;4218;6
29614;931;1199;41
28709;460;592;0
31075;1238;1601;37
28695;1573;2095;0
32597;2645;3055;0
29604;1678;2275;13
26199;3330;3959;22
31074;1442;2029;11
3713;4099;5053;5
31791;1336;1588;0
8530;1077;1297;0
29640;3034;3863;12
32318;4338;4980;4
26208;1382;1749;0
32470;2850;3300;0
32468;1106;1443;714
31194;1773;2084;162
3665;2466;3174;0
32467;1563;1876;0
29643;1803;2246;0
29651;1475;1744;0
29664;899;1169;184
4007;2169;2488;28
24219;3956;4912;177
29641;2895;3420;0
29661;1284;1662;6
32478;501;640;0
31227;2054;2468;0
26210;1383;1750;0
4018;1742;2049;6
31196;1161;1408;131
3645;1981;2561;241
32475;2412;2796;18
3557;2196;2564;0
31786;3984;4573;0
28281;3892;5197;0
32328;919;1099;0
3653;1704;2171;0
31224;1964;2367;142
31206;1101;1336;19
31230;1599;1856;47
29638;857;1049;0
31223;825;1025;211
3734;2533;2957;18
29644;1496;1918;0
31226;2743;3388;0
26211;1113;1409;0
31197;1924;2241;83
32464;2956;3449;0
31222;3090;3777;0
31790;841;999;0
26209;1483;1758;0
26212;761;963;0
26213;761;927;0
9710;811;1086;525
3704;1629;1903;6
9642;2961;3485;234
3652;790;958;24
29513;2253;3042;8
31122;4036;5109;0
8254;4057;5002;11
26207;2575;3084;28
26205;1488;2213;0
31229;1698;1967;16
32466;4103;4724;0
32641;2329;2948;0
32638;4281;5210;0
3644;3688;4242;25
32477;50;104;0
31228;2153;2505;0
31234;2677;3068;0
28532;9253;12827;0
31191;909;1117;0
29659;2007;2540;0
32463;3169;3688;35
12283;2051;2718;421
32136;2070;2668;6
31195;1242;1500;39
12933;1560;1974;0
31103;1999;2329;0
32640;2643;3681;2
8257;5250;6430;33
32474;1199;1457;25
31232;2114;2508;0
31784;3200;3765;0
3577;1630;1919;12
31704;3330;3800;0
32461;6943;8499;3
3732;4953;6000;0
28280;4071;5588;26
3627;1197;1432;60
3733;4400;5413;0
29657;1064;1299;0
29639;1437;1702;0
31785;1547;2061;9
28531;9211;12769;0
31225;2883;3398;0
31124;3988;5048;0
29652;3830;4755;11
32462;6446;7903;7
31189;1014;1239;0
12934;1888;2390;0
32142;2613;3343;8
31221;3011;3689;0
9706;1419;1937;50
29650;2328;2981;0
31114;7173;9492;67
3654;1697;2164;359
29992;1103;1343;18
30636;1795;2123;0
29948;1321;1599;43
30068;2205;2602;4
30065;2804;3406;39
3865;7817;10850;0
27513;869;1092;0
28800;1334;1612;0
30886;1329;1585;2
29910;2394;2760;8
3867;7817;10850;0
29956;2186;2552;0
32149;2467;3260;16
33232;2899;3361;0
28799;867;1090;0
31381;1460;1732;48
33235;1214;1468;0
3817;3023;3439;0
26509;8650;11924;5
33230;886;1111;0
31185;2537;3069;44
30863;4057;4600;0
3815;2930;3434;0
29930;1065;1300;0
32787;3655;4205;36
32785;1295;1634;50
3705;1852;2132;0
29997;2199;2573;22
28402;1960;2308;0
30055;1373;1772;734
29972;1249;1518;0
30897;1498;2108;117
30856;1670;2294;106
32412;8650;11986;0
30901;3846;4429;4
33234;1267;1522;0
33231;3313;3784;0
32780;1661;2087;29
26685;1698;2014;0
26511;9292;15164;4
3813;3290;3784;25
4090;1574;1909;0
32783;5086;6200;0
33233;1017;1261;0
32411;8650;11986;0
28403;755;938;0
4031;1574;1940;0
31379;994;1204;7
33237;1417;1691;0
29924;1261;1532;18
32768;2800;3635;20
32408;7817;10850;0
4135;2260;2619;3
32331;3290;3765;8
31340;3522;4050;0
31193;1042;1289;0
32469;1372;1771;626
31233;2115;2467;6
32133;1998;2350;0
30066;2470;3329;217
29971;1092;1331;23
27512;1635;1953;0
4034;1916;2286;0
26512;8650;11986;0
29957;1513;1779;68
26510;8650;11986;0
4138;7920;10929;3
3863;7816;10849;0
30902;2234;2656;0
30028;1258;1633;6
31386;1154;1406;33
30059;2438;3364;56
32410;8650;11986;0
32435;2271;2663;8
30879;1747;2132;0
3559;889;1090;260
32708;3902;5210;9
29923;2389;2780;0
31178;1172;1421;0
32333;3024;3440;0
30057;3598;4110;0
32471;858;1070;0
32465;2482;2900;18
3610;1071;1294;50
29996;3599;4142;0
3866;7816;10849;0
32709;3862;5284;5
9144;4640;5681;10
31179;1664;1970;76
4139;7920;10929;3
33236;804;1019;0
31190;921;1121;19
32332;3290;3765;4
30067;1344;2002;204
29912;1025;1255;18
32132;1499;1799;0
32788;2387;2775;58
29921;1687;1983;5
27882;1249;1531;31
27534;8650;11986;0
31020;1477;1740;0
24784;834;1051;6
11180;894;1079;0
32445;712;879;8
4134;2260;2619;6
24793;2380;2762;5
31024;2403;2763;0
27198;553;685;0
30965;889;1104;0
32794;1887;2171;0
32426;1810;2142;0
27182;815;990;0
3558;1850;2170;0
4041;6510;7896;3
30157;1074;1310;0
33081;6061;7369;0
4010;3570;4097;2
33116;2445;2818;37
3977;3799;4317;0
3807;4500;5489;2
24788;1840;2158;2
32844;3038;3541;0
32415;4592;5649;0
33137;4449;5438;5
32432;738;901;6
32430;764;929;0
4015;6510;7896;3
4013;3570;4099;2
12485;959;1153;0
33095;1228;1459;0
24717;3570;4097;9
9131;1760;2075;29
3581;2640;3056;12
27195;634;746;0
6864;2380;2773;5
3649;3130;3605;3
27200;2443;2891;0
24791;1800;2113;11
27199;1103;1343;0
27209;2518;2962;0
32404;3073;3580;0
3808;4031;4679;0
30818;2645;3101;0
4136;2260;2619;3
33068;2397;2789;0
27187;566;700;0
4016;6510;7897;3
3582;1646;2083;7
32334;3630;4174;4
25702;1250;1537;16
32335;3630;4174;2
30989;1404;1693;0
33084;3956;4549;0
33058;1847;2133;104
11160;806;975;0
33060;2823;3269;0
27186;1972;2299;0
3873;5360;6528;4
3891;3600;4141;5
27214;2428;2791;0
24789;1840;2159;5
26524;3251;3794;0
33138;2770;3192;39
4012;3570;4097;9
8851;1690;1993;17
24718;4685;5760;0
33124;3721;4279;0
9132;1423;1691;3
27190;607;768;0
26521;6360;7726;13
32447;671;849;19
33061;1934;2252;53
32339;960;1184;0
27201;2538;2986;0
27184;1331;1611;0
4014;3570;4107;3
3657;1710;1994;0
3890;3600;4141;4
27202;2518;2962;0
33091;1312;1561;42
4040;6510;7896;7
27203;2518;2962;0
33097;1706;2159;0
26517;2359;2762;3
32437;953;1171;0
32409;2380;2773;5
12059;1601;1854;0
24792;1800;2073;0
11173;1559;1824;0
33087;2921;3349;8
32336;6360;7726;9
12490;798;943;0
25217;2260;2619;6
6863;2380;2762;4
33117;2379;2769;0
33067;2883;3346;86
24790;1422;1678;0
31022;1477;1740;0
31797;2428;2791;0
3979;3799;4418;0
6860;3060;3483;2
33069;2142;2509;0
32942;335;484;0
32643;2988;3454;0
3864;8161;10000;0
3812;8266;10000;0
32741;3711;4274;6
24787;8251;10000;0
30997;963;1168;0
33128;1373;1671;29
32472;1159;1393;0
4032;8161;10000;0
30994;1034;1253;27
3717;4180;4792;1
28399;1545;1823;0
32473;812;988;13
32673;5496;6693;0
32672;1435;1699;0
9148;5299;6456;36
33106;2581;3004;42
32739;1725;2183;15
32701;6478;7869;0
32659;1338;1619;0
33088;1398;1686;65
31000;894;1100;0
32671;3140;3619;0
30999;622;776;0
32737;2171;2742;8
32661;2020;2349;0
31199;1481;1755;0
32654;1888;2179;0
31198;1039;1258;26
4035;8161;10000;0
30996;955;1159;105
32676;5055;6137;0
31177;825;997;56
32645;3141;3620;0
31201;853;1045;79
32704;2281;2875;5
32675;5510;6709;0
32666;2254;2629;0
33108;3563;4102;11
30995;810;981;29
27212;8251;10000;0
33132;3996;4562;23
3718;4180;4792;1
24783;1046;1244;6
31202;1425;1688;142
32660;1491;1780;0
33092;1944;2235;12
8380;4600;5584;0
33102;2626;3018;0
30993;1012;1224;3
33103;2097;2439;0
32685;3930;4520;0
32655;3199;3660;0
32656;1342;1629;0
30508;2022;2559;0
29791;4363;5000;0
32670;3637;4190;0
31001;624;779;62
32738;1683;2132;1
30509;1539;1816;0
11164;8251;10000;0
33075;2494;2898;17
31332;5078;6185;0
30483;2261;2851;8
31200;360;506;0
32650;2175;2540;0
30525;1300;1576;0
33063;1339;1620;20
32667;2748;3180;0
32662;1772;2070;0
29542;2381;3071;0
30491;1807;2431;11
30998;920;1124;48
32703;3300;3774;0
8852;4600;5619;8
32677;4516;5530;0
32680;2597;3010;0
32651;1342;1629;0
32652;2407;2800;0
32699;4100;4710;0
31203;456;599;0
30485;3200;3974;79
33099;3060;3530;4
4033;8161;10000;0
33129;1352;1607;18
31068;1485;2232;64
32649;2618;3040;0
32759;2262;2674;0
4036;8161;10000;0
32665;1904;2219;0
33105;1587;1888;23
30510;2491;2923;0
32663;2142;2509;0
33078;2903;3359;0
32648;2441;2844;0
8381;4600;5619;23
30486;1938;2257;0
28757;951;1169;0
28518;1292;1567;0
28718;1152;1355;0
29080;7031;8548;0
28870;4887;5749;0
28758;2549;2959;0
28736;1768;2066;0
32125;4380;5321;0
28847;2225;2618;0
28840;3221;3789;0
28091;1202;1455;0
28344;2742;3226;0
30496;1300;1703;4
28050;1364;1648;0
28816;2916;3368;0
28510;5499;6469;0
31331;4122;5040;0
31251;1315;1704;5
28392;1715;2006;0
28188;2439;2869;0
31330;1054;1283;0
31263;1350;1734;1
30111;2110;2482;0
28721;2260;2659;0
28731;1878;2209;0
28719;1501;1766;0
28053;1454;1749;0
32706;2408;2801;0
30512;2146;2507;0
28330;1324;1603;0
30429;1283;1557;0
28348;3877;4460;0
28391;2959;3416;0
28398;1814;2301;0
28818;3183;3667;0
28722;2932;3386;0
28514;6055;7124;0
32705;3139;3873;17
32746;2184;2757;5
28822;2676;3099;0
27879;2058;2421;0
28644;2420;2847;0
28517;1779;2093;0
30105;8101;9851;0
28837;5634;6628;0
28874;2704;3130;0
28646;1043;1227;0
28838;3382;3979;0
28812;1481;1742;0
30493;1850;2170;0
28394;4483;5274;0
28884;4941;6028;0
28814;7004;8240;0
28716;2159;2540;0
28724;1729;2034;0
31708;1984;2334;0
28509;1779;2093;0
29081;1205;1426;0
28033;1888;2230;0
28887;3352;3943;0
30430;2570;2999;0
30489;1538;1959;21
28730;1551;1825;0
28331;3376;3972;0
28513;2021;2377;0
31714;3722;4296;0
28720;3134;3687;0
32707;2506;2911;0
32129;1811;2130;0
28284;3805;4476;0
30484;1544;1988;3
31239;1382;1791;9
28829;4187;4926;0
28826;3406;3892;0
30492;1379;1682;0
28031;1059;1246;0
30114;4284;5040;0
30487;1225;1480;0
28839;1689;1987;0
31713;3722;4296;0
29258;773;909;0
30108;17442;20520;0
32760;4643;5670;0
28357;1888;2230;0
31264;6475;7866;0
28815;3872;4555;0
28740;971;1191;0
28830;3487;4102;0
28187;1790;2106;0
30431;7812;9191;0
32742;1714;2175;21
28069;1239;1496;0
28511;2094;2463;0
28516;2350;2765;0
28657;1248;1517;0
28515;1228;1445;0
28746;5515;6488;0
28520;3538;4162;0
28283;1789;2105;0
28846;2106;2478;0
3602;1651;1947;70
33823;12490;16969;2
30502;2143;2487;0
33619;3290;3766;51
33793;3582;4128;5
32413;4450;5452;5
32429;967;1187;14
32107;1178;1382;97
24853;2631;3302;35
31974;883;1083;84
31204;550;686;0
32457;972;1197;4
33501;4231;5183;0
33610;1847;2309;7
33077;2184;2545;60
33826;1132;1363;0
32428;941;1157;4
33855;2590;3018;0
11289;1328;1588;0
33584;1167;1403;23
33611;2239;2612;5
30501;5336;6501;0
33849;2240;2618;8
4545;1488;1893;19
29308;1040;1415;179
33794;6529;7921;5
33322;892;1097;44
30494;2922;3390;0
6019;1722;2095;0
4468;1728;2192;24
33817;3290;3765;4
33548;1573;;0
3721;1383;1653;52
31985;595;747;3
33816;3290;3765;3
6042;1411;1792;24
33821;515;662;5
32382;3715;4234;12
32740;1399;1812;4
33506;1921;2421;12
6018;1072;1295;0
33545;2623;3040;0
33828;892;1093;14
4137;7920;10930;3
4544;1959;2501;67
12071;564;727;7
11293;517;732;2540
33476;1567;1866;0
30498;2516;2922;0
31050;3448;3939;0
31072;2876;3329;0
3814;3290;3765;8
3819;3290;3765;9
31983;776;961;26
31849;1543;1792;19
30497;1333;1596;0
33582;1136;1376;0
33792;3357;3859;20
31762;2699;3288;592
4088;2524;2968;3
29645;1282;1527;41
31057;1304;1580;36
33767;1639;2079;4
33818;3290;3765;2
12518;822;1140;105
31246;2188;2583;0
29307;1137;1656;80
31867;1152;1386;64
29984;1415;1689;0
4467;2132;2711;18
28521;1601;1891;0
32414;4450;5452;5
31244;3306;3805;0
32037;941;1148;102
12363;762;934;44
33887;2467;2867;6
33820;2280;2694;7
33555;5214;6350;0
33583;1121;1351;50
12066;795;965;1
32390;821;1021;0
33475;1976;2304;0
32642;2640;3212;44
33825;1089;1320;22
30103;4730;5812;0
33824;1574;1860;3
33557;3019;3610;8
33609;1273;1529;5
27191;1635;1942;0
33283;1552;2001;25
33495;3388;3903;40
32047;1337;1618;0
24169;1158;1575;1537
33790;2975;3442;8
33822;14710;20187;6
33791;6812;8258;6
31834;597;749;39
28707;1009;1334;175
33607;990;1203;3
27356;1208;1610;556
5416;7780;9560;7
6072;4768;5767;4
3910;2336;2964;17
11736;3555;4161;0
5391;1648;1924;0
39925;4394;5337;6
6831;3665;4166;0
5386;2176;2590;20
12928;7454;9126;20
5732;2955;3462;7
32313;2460;2827;0
25148;9788;13610;9
32310;8780;12168;0
32265;2157;2525;22
4260;4208;5096;6
32305;4440;5374;2
8553;4747;5742;4
5396;1847;2126;0
29662;1490;1740;16
6132;4051;4643;5
5393;1854;2203;0
12290;9198;12787;3
12931;7454;9126;51
25147;9757;13568;14
6073;5049;6104;6
3912;2482;3145;27
32217;7449;9120;11
32236;13223;18328;0
32756;2562;3005;0
32307;5098;6163;4
3908;2439;2852;0
32856;972;1188;48
3909;2513;2956;0
33407;1087;1320;33
6843;3866;4493;33
5417;7183;10023;5
7070;9667;13441;13
28400;1608;1903;0
4569;1286;1525;230
9637;7399;9059;21
32225;6282;7707;6
6143;4276;4853;4
33922;693;863;0
39926;7889;10933;2
32306;4765;5764;11
33635;2935;3426;0
33762;3093;3603;0
6381;8087;9939;4
6144;4419;5349;3
12930;7003;8571;0
5394;1646;1922;0
4466;2148;2730;83
33917;626;781;0
11733;3655;4273;0
5389;1625;1898;0
6071;4775;5776;8
11734;3670;4290;5
32240;12821;17830;0
3907;2438;2835;0
33916;352;495;0
33921;734;898;0
8554;9517;13232;3
4264;3531;4134;0
5392;1684;2012;0
5395;1847;2126;0
33918;729;897;0
32224;6190;7597;26
39927;7695;10669;3
7696;986;1208;0
3914;2469;3129;76
6070;4950;5985;8
39923;3499;4067;0
4542;2679;3361;10
25149;9164;12740;13
32309;8602;11919;1
3911;2525;2969;0
5726;4182;4747;5
6145;7200;10046;0
32312;2467;2835;3
39924;2217;2577;17
32238;13248;18420;0
5390;1861;2179;0
5730;4759;5757;7
4262;3654;4272;15
4263;3608;4221;1
5731;3097;3621;7
32237;12948;18005;0
32308;8653;11991;6
33919;645;861;5
32257;2293;2678;17
29351;994;1217;8
4261;4415;5344;7
32239;12808;17813;4
6891;8134;9997;6
33920;721;884;0
32267;2651;3039;64
12929;7395;9053;11
6852;7415;9078;3
33636;2979;3475;21
3913;2315;2956;11
9020;1589;2019;0
33304;1599;1889;0
33734;13087;18023;20
33497;1899;2294;13
32072;2918;3407;0
33478;1484;1737;99
12519;972;1160;0
8991;2574;3182;6
33968;1641;1903;0
5387;1173;1409;75
33983;2216;2622;87
4268;3285;3818;0
33967;4521;5530;6
10843;2548;2995;0
3573;1782;2249;0
29593;2275;2649;0
32088;1001;1183;39
30867;2557;3092;39
32071;3567;4143;0
32398;1910;2306;0
32852;1943;2234;28
32346;2052;2414;9
8994;1546;2045;0
11288;718;891;154
32097;581;740;0
31866;1821;2097;25
24156;1939;2229;10
32358;7382;9037;5
11343;1032;1357;76
33305;2493;2946;0
29492;2261;2665;0
33382;1601;1872;3
12375;1977;2458;16
33665;1770;2246;0
27896;1923;2211;47
4553;3330;3800;0
32400;1947;2239;32
32070;3157;3675;0
32847;1343;1718;44
30072;2485;3011;53
10764;1141;1347;20
11295;690;849;342
6043;1164;1495;73
33982;2624;3181;36
32394;1234;1585;59
32066;7473;9115;33
32067;7281;10082;28
12650;2064;2479;5
31166;2231;2632;0
33975;1638;1932;0
32354;7613;9323;10
6130;1858;2321;0
12405;1073;1305;0
5727;2567;2948;0
32046;946;1154;100
6131;1390;1793;209
12409;959;1136;0
11332;1220;1568;0
29471;1241;1482;0
12521;830;1150;83
33984;4571;5550;16
32073;3098;3608;1
6663;1248;1494;0
33985;2421;2852;29
32261;1646;1941;50
32095;1013;1207;0
11346;915;1181;90
11283;1589;1906;16
32848;1013;1207;0
12384;1961;2254;38
33980;1858;2321;14
6041;1172;1592;14
32276;2048;2461;5
11344;893;1154;136
31958;2341;2775;0
6346;1872;2154;0
27897;1971;2265;34
33979;1611;2044;0
32376;1415;1649;29
32350;7487;9167;5
26202;1702;2146;14
11284;1667;1993;0
12415;769;912;98
8990;2604;3219;7
4912;873;1071;18
27357;1289;1699;89
6039;1312;1607;0
6356;2446;2812;0
12520;821;1067;65
33976;1222;1464;11
31972;1966;2260;30
31873;1472;1746;17
31934;1833;2168;74
31154;1448;1714;174
32074;1594;1885;30
31826;927;1140;0
32103;1303;1596;0
31945;1614;2071;0
8989;3152;3601;11
31986;1196;1435;37
32361;1921;2390;9
32365;1538;1800;0
34020;2428;2860;0
34050;766;938;3
33973;7396;10238;5
34019;2422;2854;0
3556;1580;1895;16
VP7492;502;659;0
10753;1240;1570;0
32379;812;1003;0
8567;10406;14437;0
32486;594;723;46
6038;1081;1394;20
26178;1685;2133;0
34047;2507;2928;0
11278;1908;2195;22
32357;8083;9903;5
31705;1141;1381;6
34036;4255;5153;5
33261;1392;1645;0
12517;1190;1456;0
33259;1186;1527;15
34045;2196;2718;28
29491;1589;1851;42
34040;2172;2475;0
32849;1236;1521;6
12370;1049;1377;24
33970;2254;2665;0
32395;1799;2072;2
12374;1637;2046;6
31855;2437;2849;0
33641;1468;1912;5
31910;1523;1928;3
34038;4970;6009;6
34049;1865;2322;23
34043;1933;2387;21
31152;1167;1398;48
34048;2001;2299;0
32502;1643;1943;0
32075;1367;1616;0
4087;3056;3561;0
32077;1422;1678;0
12515;1168;1505;20
32485;571;677;60
12368;1472;1866;11
31127;1089;1467;1
33977;14127;19462;2
32479;541;716;189
32481;646;827;68
33971;4719;5801;4
9951;5030;6173;0
31744;2466;2916;3
34046;2190;2495;11
31865;1070;1274;0
31748;2038;2450;32
32482;610;792;41
31105;1933;2340;20
12376;1786;2058;0
33978;13866;19100;8
26177;2072;2623;0
VP54643;714;908;11
32343;1408;1788;15
33895;1369;1630;14
32349;7435;10331;1
32484;591;719;15
33969;1407;1646;0
32360;1384;1636;0
29580;1752;2137;31
33981;4063;4631;13
34042;1995;2292;37
24882;1942;2503;15
12527;2119;2644;18
34044;2018;2478;49
26176;1221;1546;0
32560;3685;4244;0
33972;5038;6183;2
31843;2408;2858;0
32369;2430;3009;4
31932;1297;1590;0
32460;6668;8170;10
33894;3404;3931;21
12516;1359;1608;23
32068;7754;10725;1
6040;1187;1406;0
32620;3985;5044;0
32480;614;796;2
12261;8888;12318;0
33642;893;1109;0
34041;3818;4708;3
32483;564;670;8
4360;2169;2611;7
34037;4220;5111;4
31987;1132;1363;50
12385;1158;1373;0
33974;7369;10201;5
32575;3011;3541;8
33278;2353;2730;0
24883;2114;2712;18
33874;3696;4260;5
34039;3029;3531;7
31086;1490;1774;32
12850;1210;1454;111
32886;1090;1330;146
11345;903;1166;78
33018;1845;2330;31
29796;1890;2217;90
29725;600;757;124
32911;1060;1287;4
29600;2008;2631;28
34141;3188;3723;6
32903;1530;1806;0
29813;1310;1559;0
12818;1390;1652;21
32909;1509;1783;3
29596;2410;3050;0
12830;1430;1697;17
12372;1243;1597;15
32041;1500;1772;0
29732;1010;1226;10
32351;7461;9135;6
34105;1234;1478;0
34054;1890;2585;9
34134;3726;4595;7
12371;1326;1570;18
12826;1310;1562;9
12881;860;1057;9
33876;2443;3096;0
12069;1046;1378;1145
12864;1510;1792;71
34138;2081;2389;0
31083;1657;1997;0
32076;1280;1518;0
32550;886;1122;0
34118;1750;2056;23
29633;1585;1877;34
32891;2210;2570;7
26197;1100;1309;145
29615;3256;4122;0
12366;1167;1499;16
12875;1310;1562;33
32945;820;985;40
34056;1704;2409;112
32078;2041;2549;3
29788;2040;2379;3
32402;1949;2395;112
33962;3600;4141;16
32043;1115;1352;21
5691;1012;1202;7
32938;1300;1551;43
34137;2236;2576;0
31118;1894;2297;14
12367;1327;1699;19
34052;3010;3473;23
28700;2063;2790;9
12846;940;1147;138
32362;1700;1983;0
34140;1267;1522;9
33666;3471;4270;5
33262;3086;3595;0
34135;3344;4130;8
32079;1700;1983;0
26181;2486;2925;2
34133;3848;4744;4
11277;2141;2670;22
34136;2079;2387;15
33479;1217;1437;5
34115;932;1138;22
33025;2705;3401;0
34110;2520;2918;3
4913;3297;3936;0
31750;3640;5115;7
32895;2340;2713;47
32081;1682;2100;5
6044;1262;1701;5
32890;1510;1767;25
29743;1350;1607;18
32900;2200;2597;0
31769;1954;2453;16
29761;1560;1842;10
32355;7475;9152;7
29713;2470;3090;6
29762;1230;1469;0
12856;1370;1630;86
32519;2165;2829;25
33643;2249;2591;0
33275;4299;5298;2
28702;1509;2090;2
26187;916;1120;192
24881;2120;2719;15
33998;1666;1964;0
32937;2990;3721;7
32939;1540;1817;0
29465;1057;1279;13
33907;3458;3927;6
32080;1790;2231;6
12865;1220;1585;25
31490;711;1014;748
31828;1470;2209;124
12863;1350;1607;0
33986;1756;2223;0
34191;2532;2930;7
29506;2289;2658;56
12803;2510;2905;42
34168;1950;2285;29
5666;2368;2762;15
29735;780;941;40
12853;1400;1664;88
26192;1586;1882;27
32612;3983;4686;0
32244;7840;10917;6
31147;1359;1614;0
29582;3090;3690;12
29694;2491;2856;5
12804;2210;2568;40
32268;4804;5856;5
26193;2293;2701;0
29802;1240;1488;20
33903;2508;2963;56
32249;9107;12803;5
29658;1705;2006;0
32496;3053;3490;5
7489;2525;3004;25
12816;1310;1562;13
31984;2020;2360;0
7651;1889;2181;36
34139;3559;;0
29709;1453;1720;0
28279;4153;5084;6
29779;1860;2178;67
29754;790;952;43
24849;3017;3497;15
29476;2539;3020;0
34112;740;897;50
32104;2180;2513;0
32865;1590;1876;66
29466;1959;2448;0
12821;1140;1377;66
31954;2098;2415;0
32892;1340;1596;14
32639;2471;3022;0
12815;800;963;37
12411;1416;1658;0
30026;1547;1825;29
